date_mesure,geocode_region,libelle_region,mode_transport,valeur
2022-01-01T00:00:00.000,03,Guyane,Pas de transport,2688.663099450314
2022-01-01T00:00:00.000,03,Guyane,Deux-roues motorisé,4645.481836734576
2022-01-01T00:00:00.000,11,Île-de-France,Transports en commun,2467720.5954063986
2022-01-01T00:00:00.000,03,Guyane,Marche,6873.323971654378
2022-01-01T00:00:00.000,84,Auvergne-Rhône-Alpes,Vélo,144390.0527184239
2022-01-01T00:00:00.000,11,Île-de-France,Pas de transport,196900.6640689429
2022-01-01T00:00:00.000,24,Centre-Val de Loire,Pas de transport,46733.16435463316
2022-01-01T00:00:00.000,27,Bourgogne-Franche-Comté,Vélo,28769.133309609166
2022-01-01T00:00:00.000,04,La Réunion,Vélo,4958.5151087446475
2022-01-01T00:00:00.000,75,Nouvelle-Aquitaine,Marche,122153.76515220714
2022-01-01T00:00:00.000,03,Guyane,Vélo,2965.9519019549653
2022-01-01T00:00:00.000,03,Guyane,Voiture,61079.38592568555
2022-01-01T00:00:00.000,24,Centre-Val de Loire,Voiture,829225.4410235146
2022-01-01T00:00:00.000,93,Provence-Alpes-Côte d'Azur,Transports en commun,229681.2991198215
2022-01-01T00:00:00.000,44,Grand Est,Pas de transport,87761.84465857038
2022-01-01T00:00:00.000,93,Provence-Alpes-Côte d'Azur,Pas de transport,84643.04266853351
2022-01-01T00:00:00.000,27,Bourgogne-Franche-Comté,Marche,76467.85761681003
2022-01-01T00:00:00.000,28,Normandie,Deux-roues motorisé,16434.833975219466
2022-01-01T00:00:00.000,04,La Réunion,Voiture,231664.9932830577
2022-01-01T00:00:00.000,01,Guadeloupe,Vélo,826.7798658996512
2022-01-01T00:00:00.000,53,Bretagne,Transports en commun,89421.17905647372
2022-01-01T00:00:00.000,44,Grand Est,Transports en commun,192625.33197888112
2022-01-01T00:00:00.000,28,Normandie,Pas de transport,59326.424799174216
2022-01-01T00:00:00.000,27,Bourgogne-Franche-Comté,Deux-roues motorisé,11358.820602995447
2022-01-01T00:00:00.000,75,Nouvelle-Aquitaine,Deux-roues motorisé,40545.873799309054
2022-01-01T00:00:00.000,52,Pays de la Loire,Transports en commun,125815.40586166135
2022-01-01T00:00:00.000,84,Auvergne-Rhône-Alpes,Voiture,2569535.461064319
2022-01-01T00:00:00.000,76,Occitanie,Pas de transport,115084.40279723435
2022-01-01T00:00:00.000,44,Grand Est,Voiture,1805740.433433362
2022-01-01T00:00:00.000,93,Provence-Alpes-Côte d'Azur,Marche,148502.69187887013
2022-01-01T00:00:00.000,28,Normandie,Transports en commun,92968.37675932366
2022-01-01T00:00:00.000,93,Provence-Alpes-Côte d'Azur,Voiture,1479924.5536678447
2022-01-01T00:00:00.000,24,Centre-Val de Loire,Marche,56192.04956591728
2022-01-01T00:00:00.000,11,Île-de-France,Marche,407593.8609176192
2022-01-01T00:00:00.000,02,Martinique,Voiture,114405.38627490781
2022-01-01T00:00:00.000,76,Occitanie,Vélo,91296.28165748039
2022-01-01T00:00:00.000,32,Hauts-de-France,Marche,132380.11954592698
2022-01-01T00:00:00.000,32,Hauts-de-France,Pas de transport,85975.41048222012
2022-01-01T00:00:00.000,53,Bretagne,Vélo,46186.79033740997
2022-01-01T00:00:00.000,04,La Réunion,Deux-roues motorisé,7640.461962671529
2022-01-01T00:00:00.000,52,Pays de la Loire,Deux-roues motorisé,27762.615638982992
2022-01-01T00:00:00.000,24,Centre-Val de Loire,Transports en commun,81330.81379857862
2022-01-01T00:00:00.000,44,Grand Est,Marche,144367.44327614913
2022-01-01T00:00:00.000,11,Île-de-France,Deux-roues motorisé,149674.65469424598
2022-01-01T00:00:00.000,53,Bretagne,Pas de transport,65932.91857171796
2022-01-01T00:00:00.000,28,Normandie,Voiture,1075523.076685557
2022-01-01T00:00:00.000,27,Bourgogne-Franche-Comté,Voiture,916230.598433452
2022-01-01T00:00:00.000,01,Guadeloupe,Marche,5640.69488835107
2022-01-01T00:00:00.000,32,Hauts-de-France,Vélo,56338.17005334686
2022-01-01T00:00:00.000,01,Guadeloupe,Transports en commun,6997.652916401888
2022-01-01T00:00:00.000,84,Auvergne-Rhône-Alpes,Transports en commun,398401.2117092698
2022-01-01T00:00:00.000,01,Guadeloupe,Pas de transport,4310.7125092420065
2022-01-01T00:00:00.000,76,Occitanie,Voiture,1867568.6018617458
2022-01-01T00:00:00.000,01,Guadeloupe,Voiture,112423.84218785491
2022-01-01T00:00:00.000,24,Centre-Val de Loire,Vélo,31130.25796533312
2022-01-01T00:00:00.000,04,La Réunion,Pas de transport,9542.970417381577
2022-01-01T00:00:00.000,94,Corse,Vélo,1029.2584275626575
2022-01-01T00:00:00.000,03,Guyane,Transports en commun,2235.468570035246
2022-01-01T00:00:00.000,01,Guadeloupe,Deux-roues motorisé,1800.4322677692212
2022-01-01T00:00:00.000,93,Provence-Alpes-Côte d'Azur,Deux-roues motorisé,77860.03985577586
2022-01-01T00:00:00.000,11,Île-de-France,Vélo,246428.27247680826
2022-01-01T00:00:00.000,53,Bretagne,Marche,71222.03831876583
2022-01-01T00:00:00.000,52,Pays de la Loire,Pas de transport,74598.93244824409
2022-01-01T00:00:00.000,84,Auvergne-Rhône-Alpes,Marche,235537.9332075447
2022-01-01T00:00:00.000,27,Bourgogne-Franche-Comté,Transports en commun,66273.57660367739
2022-01-01T00:00:00.000,75,Nouvelle-Aquitaine,Pas de transport,122563.45565951499
2022-01-01T00:00:00.000,44,Grand Est,Deux-roues motorisé,18165.704145764925
2022-01-01T00:00:00.000,53,Bretagne,Deux-roues motorisé,16456.08370083395
2022-01-01T00:00:00.000,02,Martinique,Marche,5503.595513401666
2022-01-01T00:00:00.000,11,Île-de-France,Voiture,2203522.945113433
2022-01-01T00:00:00.000,28,Normandie,Vélo,29545.406067235006
2022-01-01T00:00:00.000,02,Martinique,Pas de transport,3953.1793644216073
2022-01-01T00:00:00.000,52,Pays de la Loire,Vélo,72736.1714085923
2022-01-01T00:00:00.000,75,Nouvelle-Aquitaine,Vélo,92616.45632376951
2022-01-01T00:00:00.000,84,Auvergne-Rhône-Alpes,Pas de transport,146789.7953752432
2022-01-01T00:00:00.000,02,Martinique,Vélo,277.5765331913619
2022-01-01T00:00:00.000,27,Bourgogne-Franche-Comté,Pas de transport,51397.97574228537
2022-01-01T00:00:00.000,94,Corse,Pas de transport,5306.21631386881
2022-01-01T00:00:00.000,32,Hauts-de-France,Voiture,1855274.1725648819
2022-01-01T00:00:00.000,76,Occitanie,Deux-roues motorisé,40505.84631228944
2022-01-01T00:00:00.000,75,Nouvelle-Aquitaine,Voiture,1992241.1190104543
2022-01-01T00:00:00.000,32,Hauts-de-France,Transports en commun,218971.2803859264
2022-01-01T00:00:00.000,44,Grand Est,Vélo,85141.73065032523
2022-01-01T00:00:00.000,76,Occitanie,Transports en commun,171367.10225924628
2022-01-01T00:00:00.000,02,Martinique,Transports en commun,9393.125116560048
2022-01-01T00:00:00.000,02,Martinique,Deux-roues motorisé,1534.0852084831583
2022-01-01T00:00:00.000,84,Auvergne-Rhône-Alpes,Deux-roues motorisé,42912.21626982357
2022-01-01T00:00:00.000,94,Corse,Deux-roues motorisé,4975.898761333918
2022-01-01T00:00:00.000,94,Corse,Transports en commun,3251.191104749348
2022-01-01T00:00:00.000,75,Nouvelle-Aquitaine,Transports en commun,152797.40181712454
2022-01-01T00:00:00.000,52,Pays de la Loire,Voiture,1288307.027006888
2022-01-01T00:00:00.000,53,Bretagne,Voiture,1129224.490880435
2022-01-01T00:00:00.000,04,La Réunion,Marche,18726.535697868243
2022-01-01T00:00:00.000,94,Corse,Voiture,118829.73005277076
2022-01-01T00:00:00.000,94,Corse,Marche,10831.834907260645
2022-01-01T00:00:00.000,32,Hauts-de-France,Deux-roues motorisé,21881.893799025616
2022-01-01T00:00:00.000,93,Provence-Alpes-Côte d'Azur,Vélo,48057.917355186866
2022-01-01T00:00:00.000,04,La Réunion,Transports en commun,17273.02022499715
2022-01-01T00:00:00.000,24,Centre-Val de Loire,Deux-roues motorisé,12500.44953176185
2022-01-01T00:00:00.000,52,Pays de la Loire,Marche,78654.41503143375
2022-01-01T00:00:00.000,76,Occitanie,Marche,141375.89280686202
2022-01-01T00:00:00.000,28,Normandie,Marche,79503.04542357905
